,PAIN_CHRONIC_RX,DEM_AGE10,OP_NMU_EVER
6,No,-1,0.4230769230769231
7,No,2,0.4041095890410959
8,No,3,0.3041825095057034
9,No,4,0.32989690721649484
10,No,5,0.28852459016393445
11,No,6,0.2610062893081761
12,Yes,-1,0.41935483870967744
13,Yes,2,0.3106060606060606
14,Yes,3,0.45569620253164556
15,Yes,4,0.4263803680981595
16,Yes,5,0.34826883910386963
17,Yes,6,0.2751540041067762
