"","V1","PAIN_CHRONIC_RX","DEM_AGE10","OP_NMU_EVER"
"1",6,"No",1,0.423076923076923
"2",7,"No",2,0.404109589041096
"3",8,"No",3,0.304182509505703
"4",9,"No",4,0.329896907216495
"5",10,"No",5,0.288524590163934
"6",11,"No",6,0.261006289308176
"7",12,"Yes",1,0.419354838709677
"8",13,"Yes",2,0.310606060606061
"9",14,"Yes",3,0.455696202531646
"10",15,"Yes",4,0.426380368098159
"11",16,"Yes",5,0.34826883910387
"12",17,"Yes",6,0.275154004106776
