,PAIN_CHRONIC_RX,DEM_EDU,OP_NMU_EVER
7,No,1,0.36363636363636365
8,No,2,0.29958677685950413
9,No,3,0.31512605042016806
10,No,4,0.3205574912891986
11,No,5,0.3624161073825503
12,No,6,0.27492447129909364
13,No,7,0.2112676056338028
14,Yes,1,0.42857142857142855
15,Yes,2,0.3802197802197802
16,Yes,3,0.3474576271186441
17,Yes,4,0.31589147286821706
18,Yes,5,0.3785310734463277
19,Yes,6,0.328
20,Yes,7,0.37777777777777777
