,PAIN_ACUTE_RX,DEM_AGE10,OP_NMU_EVER
0,0,1,0.17103566824237215
1,0,2,0.23429710867397807
2,0,3,0.17391304347826086
3,0,4,0.09237819585142305
4,0,5,0.05970647098065377
5,0,6,0.019340519974635383
6,1,1,0.298932384341637
7,1,2,0.36670293797606096
8,1,3,0.27207207207207207
9,1,4,0.1596045197740113
10,1,5,0.1187756966651439
11,1,6,0.05638665132336018
