,index,PAIN_ACUTE_RX,DEM_AGE10,OP_NMU_EVER
0,6,No,1,0.17086834733893558
1,7,No,2,0.2109090909090909
2,8,No,3,0.18616144975288304
3,9,No,4,0.08775981524249422
4,10,No,5,0.0628722700198544
5,11,No,6,0.014251781472684086
6,12,Yes,1,0.298932384341637
7,13,Yes,2,0.36670293797606096
8,14,Yes,3,0.27207207207207207
9,15,Yes,4,0.1596045197740113
10,16,Yes,5,0.1187756966651439
11,17,Yes,6,0.05638665132336018
