,PAIN_ACUTE_RX,DEM_EDU,OP_NMU_EVER
0,0,1,0.14396887159533073
1,0,2,0.11254528985507246
2,0,3,0.12817551963048499
3,0,4,0.10396039603960396
4,0,5,0.11381804339550819
5,0,6,0.11517571884984025
6,0,7,0.1220428088621855
7,0,8,0.14338919925512103
8,1,1,0.24786324786324787
9,1,2,0.1673076923076923
10,1,3,0.2041851616994293
11,1,4,0.13861386138613863
12,1,5,0.17966101694915254
13,1,6,0.1712860310421286
14,1,7,0.2033898305084746
15,1,8,0.2789473684210526
