,index,PAIN_ACUTE_RX,DEM_AGE10,OP_NMU_EVER
0,6,No,1,0.2653061224489796
1,7,No,2,0.22734026745913818
2,8,No,3,0.2108843537414966
3,9,No,4,0.2177650429799427
4,10,No,5,0.1802919708029197
5,11,No,6,0.19778481012658228
6,12,Yes,1,0.36666666666666664
7,13,Yes,2,0.3146853146853147
8,14,Yes,3,0.2754385964912281
9,15,Yes,4,0.25
10,16,Yes,5,0.24134078212290502
11,17,Yes,6,0.17891373801916932
