,PAIN_ACUTE_RX,DEM_AGE10,OP_NMU_EVER
0,0,1,0.2427536231884058
1,0,2,0.2378167641325536
2,0,3,0.1997270245677889
3,0,4,0.19336425258651446
4,0,5,0.16685890042291426
5,0,6,0.16023489932885907
6,1,1,0.36666666666666664
7,1,2,0.3146853146853147
8,1,3,0.2754385964912281
9,1,4,0.25
10,1,5,0.24134078212290502
11,1,6,0.17891373801916932
