,PAIN_ACUTE_RX,DEM_AGE10,OP_NMU_EVER
0,0,-1,0.28913963328631875
1,0,2,0.32538167938931295
2,0,3,0.29982817869415807
3,0,4,0.3231939163498099
4,0,5,0.2825278810408922
5,0,6,0.23715203426124196
6,1,-1,0.3253012048192771
7,1,2,0.2702702702702703
8,1,3,0.37065637065637064
9,1,4,0.3817204301075269
10,1,5,0.37570093457943926
11,1,6,0.30859375
