,index,PAIN_ACUTE_RX,DEM_AGE10,OP_NMU_EVER
0,6,No,-1,0.2871287128712871
1,7,No,2,0.2752808988764045
2,8,No,3,0.21544715447154472
3,9,No,4,0.3213213213213213
4,10,No,5,0.23486238532110093
5,11,No,6,0.2508650519031142
6,12,Yes,-1,0.3253012048192771
7,13,Yes,2,0.2702702702702703
8,14,Yes,3,0.37065637065637064
9,15,Yes,4,0.3817204301075269
10,16,Yes,5,0.37570093457943926
11,17,Yes,6,0.30859375
