,index,PAIN_ACUTE_RX,DEM_EDU,OP_NMU_EVER
0,7,No,1,0.2631578947368421
1,8,No,2,0.26303317535545023
2,9,No,3,0.3173076923076923
3,10,No,4,0.27710843373493976
4,11,No,5,0.2803030303030303
5,12,No,6,0.23796791443850268
6,13,No,7,0.17857142857142858
7,14,Yes,1,0.4537037037037037
8,15,Yes,2,0.3540772532188841
9,16,Yes,3,0.34841628959276016
10,17,Yes,4,0.32397003745318353
11,18,Yes,5,0.375
12,19,Yes,6,0.2949852507374631
13,20,Yes,7,0.36363636363636365
