,PAIN_ACUTE_RX,DEM_EDU,OP_NMU_EVER
0,0,1,0.26077097505668934
1,0,2,0.28541666666666665
2,0,3,0.3197530864197531
3,0,4,0.30252968508002065
4,0,5,0.33797909407665505
5,0,6,0.2668918918918919
6,0,7,0.24
7,1,1,0.4537037037037037
8,1,2,0.3540772532188841
9,1,3,0.34841628959276016
10,1,4,0.32397003745318353
11,1,5,0.375
12,1,6,0.2949852507374631
13,1,7,0.36363636363636365
