,PAIN_ACUTE_RX,DEM_AGE10,OP_NMU_EVER
0,0,-2,0.6253263707571801
1,0,2,0.5938092229943146
2,0,3,0.5342706502636204
3,0,4,0.54296875
4,0,5,0.4882100750267953
5,0,6,0.5541237113402062
6,1,-2,0.7244897959183674
7,1,2,0.7379912663755459
8,1,3,0.7003367003367004
9,1,4,0.6435452793834296
10,1,5,0.6009463722397477
11,1,6,0.6141732283464567
