,index,PAIN_ACUTE_RX,DEM_AGE10,OP_NMU_EVER
0,6,No,-2,0.6666666666666666
1,7,No,2,0.6612021857923497
2,8,No,3,0.6267281105990783
3,9,No,4,0.5679012345679012
4,10,No,5,0.4930232558139535
5,11,No,6,0.5164835164835165
6,12,Yes,-2,0.7244897959183674
7,13,Yes,2,0.7379912663755459
8,14,Yes,3,0.7003367003367004
9,15,Yes,4,0.6435452793834296
10,16,Yes,5,0.6009463722397477
11,17,Yes,6,0.6141732283464567
