,PAIN_ACUTE_RX,DEM_EDU,OP_NMU_EVER
0,0,1,0.6022827041264267
1,0,2,0.528
2,0,3,0.6289308176100629
3,0,4,0.5541125541125541
4,0,5,0.5884520884520884
5,0,6,0.5046059365404298
6,0,7,0.5340453938584779
7,0,8,0.5352941176470588
8,1,1,0.69921875
9,1,2,0.6682577565632458
10,1,3,0.7142857142857143
11,1,4,0.6469135802469136
12,1,5,0.6223404255319149
13,1,6,0.6057692307692307
14,1,7,0.6716417910447762
15,1,8,0.7027027027027027
